﻿<?xml version="1.0" encoding="utf-8"?>
<Package xmlns="http://schemas.microsoft.com/appx/manifest/foundation/windows10" xmlns:uap="http://schemas.microsoft.com/appx/manifest/uap/windows10" xmlns:uap2="http://schemas.microsoft.com/appx/manifest/uap/windows10/2" xmlns:uap3="http://schemas.microsoft.com/appx/manifest/uap/windows10/3" xmlns:uap4="http://schemas.microsoft.com/appx/manifest/uap/windows10/4" xmlns:rescap="http://schemas.microsoft.com/appx/manifest/foundation/windows10/restrictedcapabilities" xmlns:rescap3="http://schemas.microsoft.com/appx/manifest/foundation/windows10/restrictedcapabilities/3" xmlns:desktop="http://schemas.microsoft.com/appx/manifest/desktop/windows10" xmlns:desktop2="http://schemas.microsoft.com/appx/manifest/desktop/windows10/2" xmlns:desktop3="http://schemas.microsoft.com/appx/manifest/desktop/windows10/3" xmlns:com="http://schemas.microsoft.com/appx/manifest/com/windows10" xmlns:wincap3="http://schemas.microsoft.com/appx/manifest/foundation/windows10/windowscapabilities/3" IgnorableNamespaces="uap4 wincap3 rescap3 desktop2 desktop3 com" xmlns:mp="http://schemas.microsoft.com/appx/2014/phone/manifest">
  <Identity Name="NVIDIACorp.NVIDIAControlPanel" ProcessorArchitecture="x64" Publisher="CN=D6816951-877F-493B-B4EE-41AB9419C326" Version="8.1.962.0" />
  <Properties>
    <DisplayName>NVIDIA Control Panel</DisplayName>
    <PublisherDisplayName>NVIDIA Corp.</PublisherDisplayName>
    <Logo>Assets\StoreLogo.png</Logo>
  </Properties>
  <Resources>
    <Resource Language="en-us" />
    <Resource uap:Scale="100" />
    <Resource uap:Scale="125" />
    <Resource uap:Scale="150" />
    <Resource uap:Scale="200" />
    <Resource uap:Scale="400" />
  </Resources>
  <Dependencies>
    <TargetDeviceFamily Name="Windows.Desktop" MinVersion="10.0.14393.0" MaxVersionTested="10.0.22000.348" />
  </Dependencies>
  <Capabilities>
    <rescap:Capability Name="runFullTrust" />
    <Capability Name="internetClient" />
  </Capabilities>
  <Applications>
    <Application Id="NVIDIACorp.NVIDIAControlPanel" Executable="nvcplui.exe" EntryPoint="Windows.FullTrustApplication">
      <uap:VisualElements DisplayName="NVIDIA Control Panel" Description="NVIDIA Control Panel" BackgroundColor="transparent" Square150x150Logo="Assets\Square150x150Logo.png" Square44x44Logo="Assets\Square44x44Logo.png">
        <uap:DefaultTile Wide310x150Logo="Assets\Wide310x150Logo.png" Square310x310Logo="Assets\Square310x310Logo.png" Square71x71Logo="Assets\Square71x71Logo.png">
          <uap:ShowNameOnTiles>
            <uap:ShowOn Tile="square150x150Logo" />
            <uap:ShowOn Tile="wide310x150Logo" />
            <uap:ShowOn Tile="square310x310Logo" />
          </uap:ShowNameOnTiles>
        </uap:DefaultTile>
      </uap:VisualElements>
    </Application>
  </Applications>
  <mp:PhoneIdentity PhoneProductId="58edfc21-7fd0-42a2-9e1a-f0042fa6a12d" PhonePublisherId="4e5774c1-40f2-4044-a201-d2da13b791fc" />
</Package>