<?xml version="1.0" encoding="UTF-8" standalone="no"?>
<BlockMap xmlns="http://schemas.microsoft.com/appx/2010/blockmap" xmlns:b4="http://schemas.microsoft.com/appx/2021/blockmap" IgnorableNamespaces="b4" HashMethod="http://www.w3.org/2001/04/xmlenc#sha256"><File Name="Assets\Square150x150Logo.scale-125.png" Size="6544" LfhSize="68"><Block Hash="+yfPPnKU0acRLrqOREjZRVCtO0I+quesv3LJ+T6KFYQ="/></File><File Name="Assets\Square150x150Logo.scale-100.png" Size="5204" LfhSize="68"><Block Hash="XOvRnQ6mjY+CQsI27AIAcyQGcKTS7LxgQgsPyvlkZhY="/></File><File Name="Assets\Square150x150Logo.scale-150.png" Size="7620" LfhSize="68"><Block Hash="mwu9UmQ4Hw4BpVRBYjdqQeiv/XFiu3Bho74+fLN4YSA="/></File><File Name="Assets\Square150x150Logo.scale-200.png" Size="10429" LfhSize="68"><Block Hash="V91dssm4eODmLyKHzD1o+49yWh0L3GoMZQOoqaBqTSk="/></File><File Name="Assets\Square150x150Logo.scale-400.png" Size="21727" LfhSize="68"><Block Hash="/FR4lS7PKEqB3wVliozcG4rR7af1cUQDIcTIwsCxtwY="/></File><File Name="Assets\Square310x310Logo.scale-100.png" Size="10897" LfhSize="68"><Block Hash="zrn13MOk79QmPY+lghzZ1pf88kPHNPPZeQKIxl+OnNs="/></File><File Name="Assets\Square310x310Logo.scale-125.png" Size="13461" LfhSize="68"><Block Hash="s87+RCNKEcN6HWHm5uBgOJvN+tHEyIDTsxhRGFoi5S0="/></File><File Name="Assets\Square310x310Logo.scale-150.png" Size="15732" LfhSize="68"><Block Hash="52FSjtQGWgqphy2FBYEEbCMMIwpQ25ff5Xdp7Vi2rGY="/></File><File Name="Assets\Square310x310Logo.scale-200.png" Size="21348" LfhSize="68"><Block Hash="5lF1p0jYwoxH4nVRakZtRa4cr5RnmnkjmSHz+Phbrc4="/></File><File Name="Assets\Square44x44Logo.scale-100.png" Size="2075" LfhSize="66"><Block Hash="PLj+pgPZ5T0E3NU3kT+BzVAgiIvIStBSy0mZQFSSLi8="/></File><File Name="Assets\Square310x310Logo.scale-400.png" Size="46501" LfhSize="68"><Block Hash="+ZqUEj1Xo7njjvTF8IbEGQchl7hIEcrF6dtO1ftmUQM="/></File><File Name="Assets\Square44x44Logo.scale-125.png" Size="2340" LfhSize="66"><Block Hash="yl5R7pUMjIMlmLYBY9OhtLnxlTy87uoJbCKkPBJ1Qzk="/></File><File Name="Assets\Square44x44Logo.scale-150.png" Size="2660" LfhSize="66"><Block Hash="VP55SknJc7PqPWFpT67ExUpfdp0J0Dt8ZXa+cvFVTlI="/></File><File Name="Assets\Square44x44Logo.scale-200.png" Size="9770" LfhSize="66"><Block Hash="qwjXPhZSyBUekhere6vh8dmIJFCqy2MPpJHwVefUq2M="/></File><File Name="Assets\Square44x44Logo.scale-400.png" Size="5963" LfhSize="66"><Block Hash="si+E7DDatklK99ejl2QJPMGEPLMywotrSY3vkGXaFYc="/></File><File Name="Assets\Square44x44Logo.targetsize-16.png" Size="1016" LfhSize="70"><Block Hash="Wa1+EJgNn76SrQ/3eAXf0+hHltQp453T87VxQ3WEGSc="/></File><File Name="Assets\Square44x44Logo.targetsize-16_altform-unplated.png" Size="1016" LfhSize="87"><Block Hash="1Gtj9+fCbTSSHec7aTmPtr2wZ/5HJlzHgC5bPVo5AlM="/></File><File Name="Assets\Square44x44Logo.targetsize-24_altform-unplated.png" Size="1326" LfhSize="87"><Block Hash="f4D32+jdU63L1u5BLV+e4PBeQ6cTs3AsZ1Ee/AkJDmw="/></File><File Name="Assets\Square44x44Logo.targetsize-24.png" Size="1326" LfhSize="70"><Block Hash="YRd+x2o4kj0a7xsUTCFaOfVRsQzUgaB0yQ/wUvP0ACo="/></File><File Name="Assets\Square44x44Logo.targetsize-256.png" Size="8665" LfhSize="71"><Block Hash="s2RtoEZw6voQwjlPMVVjJIe4whX4hmf7ippq4iCvxkY="/></File><File Name="Assets\Square44x44Logo.targetsize-256_altform-unplated.png" Size="7846" LfhSize="88"><Block Hash="8hyDWqzGhUzJQ4D2fmP79tWISTBflo8VnhvDQ1yKmB8="/></File><File Name="Assets\Square44x44Logo.targetsize-32.png" Size="1715" LfhSize="70"><Block Hash="vF5+8lza7DfoksURJsm8dvS+/tIZWQU5Ai/9kA5cQXQ="/></File><File Name="Assets\Square44x44Logo.targetsize-48.png" Size="2270" LfhSize="70"><Block Hash="x8wmjhoEEfRhZ6uEgHYMYp7fqOBjv8K5iEZWDVEAxG8="/></File><File Name="Assets\Square44x44Logo.targetsize-32_altform-unplated.png" Size="1511" LfhSize="87"><Block Hash="ifkcx/eqMJB7MQy66eLPDQ6o2TnlnquMxKo8jQIMiDw="/></File><File Name="Assets\Square44x44Logo.targetsize-48_altform-unplated.png" Size="2035" LfhSize="87"><Block Hash="4okQr13fZ8gtdgAsnqgAKurjHsarcDAMiDA+VcSFxMY="/></File><File Name="Assets\Square71x71Logo.scale-100.png" Size="3228" LfhSize="66"><Block Hash="tKb/YHjWmB03eIHE/QPhkQTnEKrmOjSrGLy9TXSfTiQ="/></File><File Name="Assets\Square71x71Logo.scale-150.png" Size="4118" LfhSize="66"><Block Hash="UZ492Fha2IS3TS9YTLOekncr55Ky4614Rk7wQY3vkEo="/></File><File Name="Assets\Square71x71Logo.scale-125.png" Size="3525" LfhSize="66"><Block Hash="nyRCuMnQ4Nz0i3ci0KIJJ4hZ+hjWdEUgyUmywSDNtkA="/></File><File Name="Assets\Square71x71Logo.scale-200.png" Size="5153" LfhSize="66"><Block Hash="YdJYKabL0P0Exl0fY+tkEaHjgd8KF5aluJKQYw4ghFU="/></File><File Name="Assets\Square71x71Logo.scale-400.png" Size="9403" LfhSize="66"><Block Hash="GlmZG+KiWt0710wnth9wdidHUABINeYo/j9oUgTAlUo="/></File><File Name="Assets\StoreLogo.scale-100.png" Size="2170" LfhSize="60"><Block Hash="ZqnVekgygfQcXFifiT53IawWvf6XtU+7isNQ/Pjr2Dw="/></File><File Name="Assets\StoreLogo.scale-125.png" Size="2603" LfhSize="60"><Block Hash="mGNXvjdow+6d5v6Cu9LJvfQuBTSoFVK2/XAGmFT3+/g="/></File><File Name="Assets\StoreLogo.scale-150.png" Size="2941" LfhSize="60"><Block Hash="biRkFJkKH8PUpbZg/3zDPhK/VAQXnkG3kW0ldRgwkbk="/></File><File Name="Assets\StoreLogo.scale-400.png" Size="7020" LfhSize="60"><Block Hash="rff8qDEA5g46x4UbtzlFCExQTxdzyrWFxAqsRyjT1TM="/></File><File Name="Assets\StoreLogo.scale-200.png" Size="3919" LfhSize="60"><Block Hash="vZ0dmZ4IEyOX2AiP8nT3Omz19J0AqHrcnuihlNSdq8s="/></File><File Name="Assets\Wide310x150Logo.scale-125.png" Size="6841" LfhSize="66"><Block Hash="JZdVhq4R1W75n5uCsE9mfZuQxaHn8h4ax1vDAQ2pViI="/></File><File Name="Assets\Wide310x150Logo.scale-100.png" Size="5852" LfhSize="66"><Block Hash="SIZ6QMNt7Hn5g5y6vY7Rjd+8cY5SnBEfVwSeQF7sZa4="/></File><File Name="Assets\Wide310x150Logo.scale-150.png" Size="8265" LfhSize="66"><Block Hash="cmNKQQhrCLnoTYeNTrCAica/TR3jXJL9rwLr4CX6RLo="/></File><File Name="Assets\Wide310x150Logo.scale-200.png" Size="11556" LfhSize="66"><Block Hash="c9vgXiMXOT9fuAlXwv5oOBmr3TOJqjxXG/n10Y/Y9mI="/></File><File Name="Assets\Wide310x150Logo.scale-400.png" Size="22785" LfhSize="66"><Block Hash="lH2UMyyngGWqR59m/BpB1Z9/Xn2dBPApOaAOiORETIs="/></File><File Name="EULA.txt" Size="8398" LfhSize="38"><Block Hash="koMkSnVP9/Ur+ttrTjfJ4nQ3uRdbvDKSh3Po2AyG+/s=" Size="3506"/></File><File Name="nvcplui.exe" Size="14122024" LfhSize="41"><Block Hash="IDZid+mXtq96WpGe4IdK6S/DvZa70iupU+joYRDNhQw=" Size="29590"/><Block Hash="6cS/6HUclWIRdzIzw+aPkdrI9wViFMzvGwsk0kj0+qM=" Size="33884"/><Block Hash="dhqIybzhkufq7IsgSCxmE/4RcQjfYoNbhMC553TdU/0=" Size="34516"/><Block Hash="6y4ahtFTNG7PlB5FytBdcXaFNU1SmGMiZiVx/poG1rM=" Size="32841"/><Block Hash="5QIPEkCXSjmhtW7oo/Ajo34ORFSl38r5IO7Sg2+59FA=" Size="26573"/><Block Hash="F7Ljfh7UuC/eiXFvG2nswbOf5KsQdOls2lhu5XPLq6I=" Size="30996"/><Block Hash="zYDFMn82Cn9fNA1ZnHAAkgmEjPkyxDRHUKH/BGdZXQ8=" Size="34829"/><Block Hash="e9W2P+Q4FQGMlpJn+aT7fGeIpD2dVwwoSf/vznEYQkc=" Size="35722"/><Block Hash="THv5ybpKo5trXmbIjNhf7az1gr8WIl1VptdA5Yh47TY=" Size="29746"/><Block Hash="tEtbJFpdZwnQicwG6Zo5Vy2Qxc/L7CpEIs2peHyyIdU=" Size="33874"/><Block Hash="EdDdFoNUKMWsI7AXia6KIa5dBoNoj/6xi75xflNtarw=" Size="34262"/><Block Hash="S1t0+2hTdSi2tHqHOv7OgNPYPWjhGWTtbEZeP/ZN8Rc=" Size="34252"/><Block Hash="pPXOHPvODgCMfuU4p2Qm8QHzolWK2Qck+zChHsdmJLc=" Size="37452"/><Block Hash="QsMuNP9+Wzjk1JejKOH0URkhZBhv3CET0vLJO3Q8Uzs=" Size="35119"/><Block Hash="1g3n5WQju30xrM1K2F2HVa1jQu3nR2YAUvLRFnAcusU=" Size="35527"/><Block Hash="NqmMr51KZ656SCVvaQuFebXCow9Kwi+UYErpAJvIJtE=" Size="31693"/><Block Hash="ibe8MD9m3rLQAekAM9K2hm76QMZkC9dRtt7/H65+/6Y=" Size="34319"/><Block Hash="Ge1gudLMVDb+EY/ED0QfohtKNJdmCD/YfSW/vd8wBMs=" Size="33191"/><Block Hash="cRqveY+a1Td2Gy0nNQlkKa/z8RmNYEVrpihe8U3uqFo=" Size="34146"/><Block Hash="C7Fq5uTp16ewwAvTrle54/GkNSowzTYPn3/nJjJFjis=" Size="33887"/><Block Hash="E5ccoKyzhMpeZjeH/dNCcasRdw4ypz+xTEVBL1cC+0I=" Size="34226"/><Block Hash="5UER4R+7N+yJ+iPcWDdvdO749iNR08XQzdiZTX/r5vM=" Size="32612"/><Block Hash="xxp36Sfnm2Qc/FwFP2T1zH8+riDFQneRINM1LAVqBk4=" Size="33963"/><Block Hash="1gXu3og6+4/MQdFgapg6W0IoFQHf9xtmD4OT3i7WI+U=" Size="31179"/><Block Hash="fV3Tu84Rtj/svQeROJVweoNJSRgzymBzgvb0ugNKaog=" Size="32330"/><Block Hash="7TDBVyTi5zgt2cZvnVujRANpuMryQBCTlZuDwhfnNKk=" Size="35316"/><Block Hash="1/iqcrjYobefhnZgGLc596HHYyQw0uI2FW3yxOJphQg=" Size="35336"/><Block Hash="vCAf6waou/r8Pbu2PzzoQet/F3k08kI6YTwRUYw0i4s=" Size="35055"/><Block Hash="GYUcY05DZUFPhQcYfmYJzhlrEYRob/VZT7irwWw0Tbk=" Size="34132"/><Block Hash="safLTug8xTtKHQuXbj0p6qBNkM2mMXIBZxgMZwN31aM=" Size="32680"/><Block Hash="0rAOXBoqx8/v20U/lV9LlsOUafMN00PDcy0JthuPXPQ=" Size="34533"/><Block Hash="GLceWIyYoBCDGCexBxW4fvWalqJHtq6lOLSXW2j9ANs=" Size="34602"/><Block Hash="Ewu/11RkMZWZBUwI1xc8B93xEWDVZd0LVa4IA0wCwvE=" Size="35708"/><Block Hash="fAje8WL+RzNziN7aTFbWnvnMh3z9FGn1RSx/puFukK8=" Size="33898"/><Block Hash="nz30K4JX8ncyJusGCd27REIsrMkq4z7+8f3wy+iE0Z4=" Size="33818"/><Block Hash="TqujJetK1j+nLs4iDSHdlRksqIOVBjXuYEAkpcGnngw=" Size="32792"/><Block Hash="8feYg7ZrWDMWO4MqlwGvCpALjbfzd5XKMMiW1nchA+Y=" Size="34175"/><Block Hash="/4PfXhAzTE2MUvrRCwNBESAcBPiztQp1buZg1zL1IG8=" Size="22049"/><Block Hash="kIOF7dRgVoTRBQQfqre6pjV6Fe+7FvFgv/Z83b0xbDM=" Size="31472"/><Block Hash="+Kz9G0GjUljbKKN3sptRBNt9ysWhnBN0TpOzEYmKpE0=" Size="36900"/><Block Hash="9C2AHmRkWA/cnq2M/JPjL7YI1jrNLVWJRCh6maSyaMA=" Size="34977"/><Block Hash="CU+a6ehJdQGYBqewykv0z2N5dq1s4+V9k1E2LXVSASs=" Size="37955"/><Block Hash="+7sDyhPeuqVP2L4ttRXPTWyZRZJOSime8wdukr2EN8s=" Size="28808"/><Block Hash="6ISXX8RWytdeGrBy4ziWSzz8SX06GHpweU94O3gShCw=" Size="25218"/><Block Hash="k/yJ51LF83wg8CoOcbHMaDMqLOkvzj6Y44SQNcfxhSc=" Size="17263"/><Block Hash="6pFXLTuxQP7/sj6Svq4heV2xpIaFNLuHfq/rz4TccwE=" Size="16247"/><Block Hash="rURkyIJS1I7SePxkDHTM5M5TeIJ/tex4Jft0FhfioeU=" Size="14199"/><Block Hash="jSb/2e/oCKu24XFOKiQVrZe5Xa2yygDN/IlVCTJtjc4=" Size="13394"/><Block Hash="O2xihfBbQgm6ojtkK4VNKTjikyWGNAMw4Yy443/ijXM=" Size="12276"/><Block Hash="ffzt6ywJhkxMaPYjOfzX1Sm+n2IeagVFcADeqH5JGI4=" Size="11246"/><Block Hash="6kGujovNexFE4/LM/w9pSiX1yWggYdtFcl/ejOMHyIA=" Size="11463"/><Block Hash="6HROOQ9dvYOWDdFUYvEBreLtzjdRnUXpV47Y9nzU2Xg=" Size="13354"/><Block Hash="B0RNQDKkfGgW+mz1zhYZAagT3Jw52phDIIw9yO18OLI=" Size="30964"/><Block Hash="HOal33doG22BloFLW3V2zoA14DaeGoWrlk7YPU/+AWg=" Size="13817"/><Block Hash="v7A/ZI+MgaLHiUZ32Lm1ydcwTzba/7v4G32/yG4J0pM=" Size="16152"/><Block Hash="VjFIZAgh/UsIZxwM3s6jEzFu9t4bkt7RDrD6OtIXSLw=" Size="26581"/><Block Hash="0GNjPsv3dCVdzcUYQHOSwkk/UB8GsdOGI7u4PWu3cJs=" Size="27558"/><Block Hash="8bUjpcdzKCHLYZhUNmtm5t+tJjEHnjfcyr6FUiCYdlk=" Size="28296"/><Block Hash="BJWjOr2iMDoVAhy0tjgxcFZeA8j7tD3H3kHIBuOtmLM=" Size="26373"/><Block Hash="uW41qiNsZL6ziLqJdheJa4uG04muoIwR7SDg1EgOXLY=" Size="16635"/><Block Hash="UQPPbVk3h/Ds/K0St70+AWpePYbqLvwQWmtnxtT/iAc=" Size="29818"/><Block Hash="wL2+LkeVT1vf//T7KLh7ZSvL8OHuaMRMSrgyHS9pue4=" Size="34152"/><Block Hash="wfgpOF5qafBNwFsDqd5nb3mhkxG5wbwSEYEXDwWUSzo=" Size="20541"/><Block Hash="hEus6twzZh1AnNDqTOQMr+twSOV7bmKOEhr3wxXKZ7w=" Size="7372"/><Block Hash="hAgDKePBCn1889CGnCXOms8ImZX5cn/sIAgn8jYMx/M=" Size="5520"/><Block Hash="DKUjiUKDk96rrjf4Q0hmr64w07iDZteJVe17Mtmo0PE=" Size="8509"/><Block Hash="vjmZUnzTpF/1/LHG6zaHo1//2O77NgV5CCAgiN+dQyY=" Size="6397"/><Block Hash="cfXM4ZoAPs7o46fG2FrGSNW2MWdxZ3vBCALs8KDur6I=" Size="11148"/><Block Hash="NHm4qxhrFTWkGi5VvSvopUFmzfB/JVMFe1ryM1VAr3M=" Size="13928"/><Block Hash="DLNpxJNpibQMMFTrQ9mTRDMxHxc/YbQh2F1Olxv0Ivo=" Size="27011"/><Block Hash="Okf1isOad1GJ645OAVoXRBbqzWaEA5ATd/vKdSbVric=" Size="21075"/><Block Hash="9tYb95STSODo3Isn0WwWMr+5qMC6DM5oN2Am7vzgMTY=" Size="10584"/><Block Hash="gWkgO9l4H6vm8yDYzD9oy+1Mrp2h59q1t/72g9aMDWE=" Size="1791"/><Block Hash="CzRpAIIR03XlaYVn+ewvpR2Tu3Jxs4A/VuXJ5m1+jns=" Size="8894"/><Block Hash="Ci3weCbX26uiBpN1lqzY0mE2fDxZGQygo9Xp6A2iB64=" Size="882"/><Block Hash="7inPUFAg56c2kuioeWLEDbnJFIpRAwWFMNaMbzeo+o8=" Size="908"/><Block Hash="IyZ/0Kf1jewTMcYv2bd61vKCPUVNjQnnsv6fatUpTS4=" Size="6336"/><Block Hash="teT6vc7fASHRKRhNHtDLd5bZ2k9GozUZhel6qBjSdSk=" Size="5088"/><Block Hash="Xs0XqrBkDv0aw1riiinyUPF0ce29iG8uG+nbPxquNu8=" Size="356"/><Block Hash="ebErO5MZ0FKDZGDC7llpSwWZ4rulrKrJoarAQ1rC/gg=" Size="5662"/><Block Hash="EvQsRho1DLHiiBFdt0JSdgfAFxBL6BYnTiSvz0F5v8o=" Size="5555"/><Block Hash="utJBB3qAuY8JCajEA20otbegzyge/POxijuHWiq2PfQ=" Size="4164"/><Block Hash="vqeUU2Y0lMvvVvrLg8KeeUxthAF0sdU+wQops58oWgo=" Size="3649"/><Block Hash="EbCnAIgJO0IwYC2m3gb1dOnOjuF3C5PfUeL0rfgA5yc=" Size="4466"/><Block Hash="tmE2UwJLpSScprbQqK53ZTA12aeMMnZNDXNRifYW89o=" Size="4518"/><Block Hash="ElmzVW9dgPzw4w1iRIxmBMmcWlOxISBHlP2aFhPKSfQ=" Size="3818"/><Block Hash="9G+YTh7VwWdvrlIIuuXl4x3v94MIz7+baTcAgEa1N2I=" Size="4178"/><Block Hash="gGeMn758DNmvgtybEHdv0uTosdvCd07niZbpZ9AMNBo=" Size="3712"/><Block Hash="ToD9UaxCpM7LQBO3enfIPW2cG992FkqO/5PY84CwvyU=" Size="4161"/><Block Hash="na1QoYOP/tcbTntlcKAyOv7uxl5mtkmLntgaXufWxYI=" Size="3811"/><Block Hash="3XymZ8mLnKwxG7KJoD4a/ENcYWXafeiZ40+MpoPaIi0=" Size="3965"/><Block Hash="Ebc/cgkA9mghaNuwL8b3GkKRcsMVIE1xtBdDpdFUPnM=" Size="4500"/><Block Hash="OB0eZTrB66BW1A+W8IwyVBZH9+kiDes+bOZ3+BSaZ5E=" Size="3732"/><Block Hash="xYCBw49Dab6WJgiBm2Zf/F0fHdZXtjAxC1Stdppa2A0=" Size="4354"/><Block Hash="P+mEJHFznyxBN7Y3sB/2SYwL9b2A3Se5Ll7YXAMDmMw=" Size="12801"/><Block Hash="X5ZOphtgV+4P/abuAQ+wieb7Y5/oWXo6Dks0oyliF1Y=" Size="23136"/><Block Hash="uT0IAKi8VFdfzGOfOPFu7pfoj/Eeo3gFe7d6beA1pkc=" Size="1590"/><Block Hash="d9SIPxfeTVYWuR8x7BoDDQqCj0qid+JynhFk32YfPJE=" Size="1412"/><Block Hash="yFh9MUToPAYKGcfS8g6k/8NWX8mbipGCX5xy0xPn1wo=" Size="1203"/><Block Hash="q18x/Lu0dzCqQeZ89CmfLa18pJ0Z9Wvtx4BGIQIO7hI=" Size="719"/><Block Hash="7DQ6glZ4bG4OganNnMujY/aPikXn4dgadEJeK3N+rRA=" Size="1254"/><Block Hash="NMMOnuKxn2mnvikz979Fd+vtyOuo2t+ELfcSNoasvV0=" Size="1209"/><Block Hash="eHTdeHn6gibRk/v4VCsCgu0iu4yOdI9K6uHzwWi3CYk=" Size="2412"/><Block Hash="JUXeOPA1hhSocfB1yJTr7wxyO64/HcYztIws/yGx788=" Size="1002"/><Block Hash="Vda8euUDZqrePWCFqhtPBTLcbOXl8mMtdwB6aPMTMbk=" Size="931"/><Block Hash="Kg2OVoBkLyoFScgbYMNFmIpMEX1gGYtkxfJ2cJpsg9I=" Size="989"/><Block Hash="/xC2bl3pEojnDhuakozrEHe6QjugfuQdIREzG89DwxU=" Size="1847"/><Block Hash="Xuz/z+GdmKSyHMvk/27dvgmlmLW4u8Ht0Wn44/E9C7o=" Size="1364"/><Block Hash="PhVluc8AMnGMh6EgZVUGHSPCbrw3I6JrzsfD7ThRo0A=" Size="1484"/><Block Hash="pPpAh8vxuvLuKY/AgW0l/gIAPnE//UC467JcCDkEIMM=" Size="1689"/><Block Hash="6jzo43BeX/HziacPd++b/cXRkkuHqkPl6KuitpvXcKY=" Size="1058"/><Block Hash="V9QTTN8sfRH5FuUArW8oVGz2lvcOmAj4cQWiP934Zto=" Size="902"/><Block Hash="BghbVSNx+0DXhJJqWHoK9SckIAcImzmxJLMbnewJIN8=" Size="1634"/><Block Hash="ds9k9eN5YheEjvy7/PWOQ24vG1KjtLx8GOhfvgS1OUY=" Size="2048"/><Block Hash="WxOM5l9Jq84A2d00E0p54VpMp4rrKVHykAznMYiGnmw=" Size="1029"/><Block Hash="9FAK6WNOaMyKM2wnsizpAhQDUkrrhRS7eZ4zNK7t7k0=" Size="933"/><Block Hash="nSjaGsvb7BiIv7I3clZ9AzQ9mn+eeEridnTwsClSOdU=" Size="787"/><Block Hash="aCBjq8OPk9R6X1smenq/ZibQiUWmzGJ5b3SDbzAjrqI=" Size="1113"/><Block Hash="q/oHULfjt4m5iVtUCUqCcf6cIM2RZFgY4ACkIYP3cPU=" Size="1882"/><Block Hash="K0CyZpuJAMBngzsi/MDcEYTdLszk82ILNA3QyrqbxPQ=" Size="1806"/><Block Hash="GZp0ASmvw0GZSeO3yxCIu49LYudH7J5yVlysSNYEcSU=" Size="1185"/><Block Hash="nKfOMNJ4oMEjHQAaZHy8YBshn93d8xtE1mYmUtxAako=" Size="1809"/><Block Hash="dHKEJiZOpstDzbClv2MEmpxrKy09TEym4V+ApjCPNmo=" Size="930"/><Block Hash="NBClG+3PIoYxRA9eVOPijFrZogotWxiFznk+hI0W8Rc=" Size="1030"/><Block Hash="6kuWL+W20CzsjZQ2WaRbKCPx9cgr4Q6/FldpUHm2ArQ=" Size="829"/><Block Hash="JJDMqwX6flPvLRtX1I3FkuLmLkN/5//6o7EHw6yZbZI=" Size="1419"/><Block Hash="SEi/Y7LFm5s3V0dmlXG03M+3NIxFYzkHACpRYqb4MrQ=" Size="1677"/><Block Hash="YS4EbJjxKxfYp8rRGFsMDtbgvNSylNOAsjLMY5RblR0=" Size="1865"/><Block Hash="4O56Bk5aflKPYJ5xoGlVNVhXpU3tBSF8ZLijGWGSrhc=" Size="755"/><Block Hash="64b2SePXZnMIDkBNRYTKEwFktUDRwXsPpRGJ44bhfdo=" Size="1477"/><Block Hash="j9rNG/gVQhDxeAXkg8TYtQwt+v9VP5Vnre1TYSSfOBI=" Size="1596"/><Block Hash="u+dgRHf31fkcWFT3KhUwMz5k1Po4NdIzOphUR+eXubE=" Size="1931"/><Block Hash="+Ira89GCxTwyTO99qxXAlBm+Oo+RI9WpsK6oiulbRlc=" Size="1030"/><Block Hash="4qVQYU4TbW8qVxHmIQRbgQ1visISAOPiskHQk+bnJ0E=" Size="1955"/><Block Hash="HqRQgspXQqrKv53iDvyOW8iuUINvxuHsksbTk6X2DM4=" Size="787"/><Block Hash="OWyT9ZaNl9EKSbhGjPeXmPbVQXqvZVbevrgGMdFoA6U=" Size="1183"/><Block Hash="vEzQ4V/pxj5LSVzIcSDeQfKZeu3rBbPA00cEHjc7nCc=" Size="977"/><Block Hash="YBEzgxaNcMJLYpkXyMoXmhUnEabfFHITb/o96HAidho=" Size="2985"/><Block Hash="P5oFwKBmWm9XJK9SNNixBdETKZ9m2os74Et5wrW89Ww=" Size="941"/><Block Hash="xK3EIoTAmVihu/S2vQWBd29cXXRoPFh9NN6nekVSvUk=" Size="1573"/><Block Hash="dl20br/V9DY1f9NPdp/pf0oAwUOQOtOI6f84mAQrAZo=" Size="520"/><Block Hash="8QEQp4DePeut8t1sPv3Zf1JP0/GNmDNNNLYn1cSCWVg=" Size="1318"/><Block Hash="f4REeAh52NAEbKhVXigTn5fAEagq5SZ0+jFazRlRWOo=" Size="1076"/><Block Hash="SMwsEIwnDLxIjSTothfGL667lBj0tEh5C71VrGr90PA=" Size="1539"/><Block Hash="eQun16Mrf1ZJlp4hdIzFr5iS731lEQfS8sLO+MwHgPk=" Size="594"/><Block Hash="2h2le4K3R8HJ3V74wnUz9QkcbYv6sAGzYl1XV95XA9Q=" Size="1748"/><Block Hash="KxCTvHkqewOG7pwaAk/3zAk7GH2wybj7X15w+fMeBnA=" Size="1090"/><Block Hash="9i/66TWfbWBwLcM/HmN7XT1Z52iP2ai2aqqcspgU//c=" Size="1280"/><Block Hash="HoPjHQeRpv7AMH8QKOc1XFlE/ytZrkiAWIDp7Q27aFE=" Size="669"/><Block Hash="2bXxBnY0+HQHCtQzvVjbLbttTCg4N/2NVMxuQFipA3c=" Size="2477"/><Block Hash="1+OyAEXO0ZXlUicW5r0RIgVnKhqaVQfcJI862af6Xss=" Size="1275"/><Block Hash="ajwZz1G9f6qzmAC+/JN9GxkNAbh80fyyu0vRoXGlnsk=" Size="1819"/><Block Hash="8vQxzl/ljhWLVQG/05rdcXF3X0KXRTfgBqzt8D36hro=" Size="506"/><Block Hash="PAEUERZ3I0fx19aH9ju+c8rSX80NEJQoTZPAtlPZnoQ=" Size="1922"/><Block Hash="pO3cb23PM79s3BMwZmJbo932cBtPM/+IQ9s9+Rao22o=" Size="1153"/><Block Hash="ZyiPWyvtY0umq/Woc/s7w+HBrADLwGGleen0odrxHpc=" Size="1301"/><Block Hash="IarM9oj3358XXc+SBFNV7u//nO9cZsJMi5Z0pKDMLDE=" Size="379"/><Block Hash="Ezu9FFsSe1IjhvaMf8aN7l5peeT4HFfMz0wczJDhq4w=" Size="1128"/><Block Hash="hs+gXhX/x3u4tnDCs0ekByCX/qFn1Kuaaykf/202pp8=" Size="872"/><Block Hash="ZwOY4PnQPQ9IlmcOAgqSnMF1H+wNaEfswedFvwupwuE=" Size="1288"/><Block Hash="1AQ9GHu+LkPFHcNNnqLhydsiYF+GoDl8+0Ld1X0oF0U=" Size="296"/><Block Hash="ITz4F7AL7C1BYTrFIp/TOjsW824hbCzQ+SuXjeM7b9U=" Size="2778"/><Block Hash="CLfcjKp8CZQGSZzHZopV7izlymA2HqgSKQlrX2OdLcM=" Size="1286"/><Block Hash="s30pgJ6Dwusamm+fW5Afos6EIybREXhoq79Plt1cRZU=" Size="1334"/><Block Hash="/UuHkSNIJMs+E1U1w2+d6i/VMCdWJsbdi9FesDdSdAg=" Size="373"/><Block Hash="EIL0wxRgusUprn/LrhYmLq4yMZ1AEXRcSDW/7YC2T4o=" Size="2077"/><Block Hash="fVNxkSdgB8w3aMBF9bIit9zumNC9yJugn6eVi2wMwyg=" Size="1218"/><Block Hash="H3c3MDwAQ+tQaQX3PngoaJHZX7CJT6HMbuueaHxtGQw=" Size="1302"/><Block Hash="Ffx91ptectpOlnc1fXGMgL10LZmwPOAKwA7xPumtr+k=" Size="396"/><Block Hash="I4cFiUNgBFOisS8ea7EmgeyI0Hf6odQlbL/p8+l27VY=" Size="1245"/><Block Hash="pTCK6gAFc5QURPkq3LLeJWIEvN5SkjJr1TcaQuuoy9A=" Size="1054"/><Block Hash="JRpgK5bUWxzsOqdv3TLZWcYYQqAAFAG/rWhALyQYl4s=" Size="2598"/><Block Hash="CvBnki6+YP/1vndT2uWntc1HRSigJ02HpGU4cvNjfgk=" Size="754"/><Block Hash="/5x/PDj1J/LuPpr9+ge4EVJOqv9ceeKR36M/oG8ajM0=" Size="1567"/><Block Hash="2vOcPvjsJYBnxkQsbElK+JhZdfPaQ7RtDUcfBARXcVc=" Size="1166"/><Block Hash="7OUKX03LRXiQiC5S53Y9PiP6PkZhYxTWVtUB6Raj/7A=" Size="2506"/><Block Hash="Ru5M7yoV6Fvz+VrrL7iPLGnX1UYTpcwbMk2k63ZAQVg=" Size="974"/><Block Hash="SISgjmjs3oEEX2OfXRprlgLL9BwEO8haY9XV/QMtnSM=" Size="1487"/><Block Hash="a9uEzhY6nfepC8h6YlcHfQE8eHttbyV9meebm+ovqWA=" Size="1138"/><Block Hash="8VFbnwEd2iuUC0wOSYhFnFUNtllTA6qCOJYjS0SnHFM=" Size="2425"/><Block Hash="B7KwBz2+j2y0tmMkEX+O4Hvs3XySNwKUfsmaaYTa41I=" Size="1039"/><Block Hash="fHh/I2gpCpwd8nB92AMuaqICEbO0NQNEahCyCkFen/o=" Size="1073"/><Block Hash="pSlK3iBo5YlCjueR7/Y+gUgmkSrUWN+BhAKZ5sgFAws=" Size="818"/><Block Hash="ZGbi8+UKiiGs4qezKBLf956fN4EUlIXLzsXZasq9t3o=" Size="2580"/><Block Hash="cwN/bQE2EyMJj/X+rOPo52jkwjmyhuHwGA2fGgPyZzI=" Size="1036"/><Block Hash="XwqPDIsyTSnUV/y77zGJdE9ltRMnkOZWBnb1vHthUkU=" Size="1058"/><Block Hash="6WTVAU5yi930w8g4uw/m2OxJV0d9Udbr+vVOt+EuMPY=" Size="862"/><Block Hash="/eFkXGpaYe46GtuR06d/pObt8cjoVDF6nDakWyrnSc0=" Size="2071"/><Block Hash="Z61/6MzkndUWCKWHzPuHXPtSzF4caGKEjd6OFswAIXs=" Size="1108"/><Block Hash="cmFTCVqUtlK1Mzm3WBJZvZEs/AJj6Op4R5Hqcg740qs=" Size="2323"/><Block Hash="HZjAwZhI9n8M75xQYg3S6RgvJ6ByfOK/LzMyYDL8XIc=" Size="2166"/><Block Hash="RzgwzEpoMaRpiQFQRaQNiXyLKEVTrwDXDGCjxQOpfcY=" Size="1203"/><Block Hash="p/+7t/B36s52Q1OibijCA7MB2D+/EN2Y3yU74Aelufg=" Size="719"/><Block Hash="aWL5TGv7wXKk7llIb8cHYyW//xYrbnzYbibBQ3cH6O8=" Size="1582"/><Block Hash="V2TPbVzRFEdrr3K4Tmt4q/zp8AraYCSJqMstiYSesAg=" Size="1553"/><Block Hash="V51P/a5fwF42b56sKAaKxmZxYexMLPieqyjylPYuGvs=" Size="1416"/><Block Hash="BoRLBrd6jaESN3k9FWVIKDlgsyizHdN9Xgba0i50xGw=" Size="930"/><Block Hash="bsgMxDkUPUfpk8oHDfWKtl2ZV3+0ZXFS4IBU1b0eLEY=" Size="666"/><Block Hash="3phXGMpFSn295kc71P5KA5dH1KY0p8x7kwT22fHNqmc=" Size="1213"/><Block Hash="E4VdMWI4AM+IiB+9D6zge/tYMPGjkIhs1t81dQXpqUQ=" Size="1697"/><Block Hash="kERIZPM+8OaYf1eUToUlY3KjyayuuF+npJWociFuJGw=" Size="1539"/><Block Hash="aPD5HyYeid7/rrXEfaKLHQkrpRi6P2mb3DAvJQ5We2I=" Size="1642"/><Block Hash="LYia7luy/Zf20A2rxQbiKu9+txIRVBh7O4UpByfXSNY=" Size="1954"/><Block Hash="kM6JGJVZ47Ty3SPzgPpg2HvvHzM0wnRkZD2rHd8CdQg=" Size="1058"/><Block Hash="kgl9BrY/euJufyP0L48t7JZZEMwADbu5f6K0HTfzmy4=" Size="902"/><Block Hash="Z+k93AV08dPlzO8fICs7rnboKtpr+Jc1HIp+88LGxzQ=" Size="1155"/><Block Hash="O1xvMd1SX0tSy2NgviANMf2ZNrzs/NOiH7jwiONn3Ok=" Size="1401"/><Block Hash="xx0+qrh9f6svUqK6u2Sq/OzaoA4B9zfHqOpqz7Ib26E=" Size="1024"/><Block Hash="KswSYDFgavP2PHph4rIzRyUdgcpvy+Vk25CgGfRCuFo=" Size="937"/><Block Hash="gcCbWmzfEDBNQ869Gd1QiufTNWfei1RVcZvo5o3oFVg=" Size="1101"/><Block Hash="Qq5PvU10BOovlmkpNm0eiUTlmyPzpzt2URMprmihz3o=" Size="1443"/><Block Hash="KOKeuJstvF0ddw+sBdsscymw8tNrtLRcG7VpvmxIZao=" Size="1002"/><Block Hash="9+jiSj/VpZEcHP9JpL9ulZwShuZpwuxRIiknKftmMEg=" Size="2243"/><Block Hash="AS4C6FLNgJYswQHABL4O5a+Ax5ohcN5+CsRSRODb6Lw=" Size="7811"/><Block Hash="FvPfXKtfHD8gslkNegSxTyz1/9dIb7rLWtUNq+nCGxU=" Size="8335"/><Block Hash="hIHOr9FeJsVP4sNum+QxajKaLek1j2I8n37k1zAnzg0=" Size="11107"/><b4:FileHash Hash="UccIZPm6eYosWqAXghxJO92qHHc7t7yvVUsC7t+Oq8c="/></File><File Name="nvcpluir.dll" Size="10979896" LfhSize="42"><Block Hash="mbRa4d0PbPGb2tiguHF86vgp1+hSKys92yBOs35dtMk=" Size="24334"/><Block Hash="HvhuCAY3QH3eGjjpJCnyXz3ouPOFRl0NwJhwg5RxPUU=" Size="6799"/><Block Hash="9Zb3XB6ie2ssjKMXTEcN539+8nap83Wv2dqk7riwgQc=" Size="5976"/><Block Hash="b1h4ED54Xcneyvq06IbK5d5jqiAm7qPpml2S7laGJTk=" Size="8098"/><Block Hash="r4z++p/8/5ECFtfqRkA+XLmsztBNfL7su7bCEAXxZZg=" Size="7080"/><Block Hash="rS3/JoAkkkWAuJ8xESC9bnYjt7X3PyCdsT81qxvh8d8=" Size="10469"/><Block Hash="BjDYw2PazOKTpsQnyKAVyhOGNtFelAt9IchpwrBvVCY=" Size="13405"/><Block Hash="L4WR4S2yxwLYjKKU0UOvo6gCF7KOLPRvdLzpW7oUPI4=" Size="27001"/><Block Hash="lGuXNh3TxUf26HGUuyTe5KIRxqs/CN2Z5wM8/C74low=" Size="21160"/><Block Hash="KxFfpgi/zlNa89NvYiusggd+UEz7vhwBpvz7ikcQDsY=" Size="11775"/><Block Hash="QBa/LjW22H5OzEDgcqLfuBsyq/wwwvdHfsRyFCjG22s=" Size="1360"/><Block Hash="AN2RogsYGJaPt5c7JzAIn+Q+KtuxJB5EIg4L5H/XU/I=" Size="8897"/><Block Hash="ZebNY1MQv6aImGW9yRIDPjVCJoBK/93gsKNZv5ymBC4=" Size="1359"/><Block Hash="VvIrY1hIDFDrUyrqmFgvNXQ2CNJWUxqEdkfJSjEnwo4=" Size="875"/><Block Hash="akOGo53+El5/hiLoTucPtDMZwGw8WBeid/qT/L7VkJI=" Size="6016"/><Block Hash="+2fXxdeamuRCzE46Ibynw/Xh9ofpomS836EKP9i9fOw=" Size="5534"/><Block Hash="Lw2YzPfNqyXjYyvfvv+1XjzrI7j6q+6ocDtEO6R0Lz4=" Size="364"/><Block Hash="Uc4sLCQ8r3BVJhnYa9vdipo5HqSHsI3h1hOyMmRDqr4=" Size="5676"/><Block Hash="pqdiQ8VqWPcnEvaCVw6O7lX8iRjPdAyRxCDCrTo+EOw=" Size="5409"/><Block Hash="Doldsbg/JKoka+gkOTOuAIIMpeHdMtTk6bb2HJgpK1Y=" Size="4243"/><Block Hash="ZeiTK5zZSkuAkSSuBb1w1GH2818akvDXbKlPxjGyYwg=" Size="3600"/><Block Hash="zF4Ssq/BNdtzUkHfFVI0wXBwlvkcvm7Weq21THemWck=" Size="4339"/><Block Hash="Yv6s3kXq4PErr2URrzJVZ3+zftFc7JWbtHKxcpfe2dk=" Size="4622"/><Block Hash="HRZlItkSYCFugTpF0qPiOsv7SNHgAr27l5nnF3NUT7o=" Size="3864"/><Block Hash="dzl0ueKLG1hc7ixBNBUoZ8ENd7SHv48FpR7/y1bEdzI=" Size="4071"/><Block Hash="n5MVcmClG7xbBnA0/6khLvLgBNe4yG6yEheyfg7iKXQ=" Size="3711"/><Block Hash="ynDAH863P+cR4IRRzp8s1m0B76gRok3VsjPz3T4l9Fw=" Size="4043"/><Block Hash="XnIYK83Cp7J1Wh5RojllDcyEk9OfdPrMmaukxshEdno=" Size="3965"/><Block Hash="EXkMWmL5lCN+dR6uIMAxoQAbWstVRKr5DB1eVfbnzzI=" Size="3994"/><Block Hash="kjVc4qOqh2naJ1qktFkStCD/UVJTVsCAReH8gTaUgbk=" Size="4185"/><Block Hash="/M+hFOI6TUqZq9HcLkzH2d89NTP6edqPwuHmfJpE5r8=" Size="4075"/><Block Hash="QR03zHTe4LDng+pgP0X+AWs0rxWeeNZo/M2evtAVMks=" Size="4249"/><Block Hash="qf4VSJ/wotguhSbF3MZcih99f+aMb2IcyyZxq/ENDbI=" Size="8046"/><Block Hash="GB9YqgA3H0ad95762iqvP/m+XS6Jzznpd5HwaMmgGGU=" Size="28117"/><Block Hash="TY9oTDnLqdtQThfLW1hnsEnDVZadaICg0E7FSUsifFQ=" Size="1462"/><Block Hash="wxmYTv8RMnY8XrIbpL6sQXWceE2+M/sjrW7eMMn+Zw8=" Size="1554"/><Block Hash="gS3UXDkG+l5mS1egRtMgRFn7du+yyDQTG07gk9kTfMQ=" Size="1131"/><Block Hash="6GqY+cduRaPFTxoMTuCWJWr7vUs/1SVwpbhiYO/nhbQ=" Size="813"/><Block Hash="2s4KMd5j1r+VT7bsmuqTOX2jG+iECyHcFQEU/Qf+S40=" Size="1180"/><Block Hash="sJPuJtEQQxmcXl5BeO2jEIpwXnO+iQ86lmLckrZ25OA=" Size="1222"/><Block Hash="ZW3/b/LcEK28Uux7KYq0M7glofH25eFzo/ow2P7NDec=" Size="2361"/><Block Hash="1MeevpaQ1JQ/+HS325KaJ2xdMa22ldNLijeuP7WwRAw=" Size="1114"/><Block Hash="ncwllF7qmTBMuDC5hs4mrb2qeECuuABtzhdaINVQGRg=" Size="864"/><Block Hash="EizJJUIddYypx1jz4RHYRWaa3Hnen5UZvcOvPvM/LaI=" Size="1058"/><Block Hash="orzpMlX0qrzflV4P+ZmkLmZNnuCW4sFKx4q9rmK0EIQ=" Size="1722"/><Block Hash="om/7sRntem3l8vwuaJrBBwGfQzf3/gjTG2SxXlkkZMg=" Size="1497"/><Block Hash="aEFUCGIMU75TULHt4KV/gTtCrSkGR+Kewnrzi/xiseM=" Size="1332"/><Block Hash="c5IooJftuT5oIb+ZjseHy0q6jc8SeZJ4ZEUtaU/eOQw=" Size="1821"/><Block Hash="LJz9UU7ZVjHnTPHH7Mm86+m4i4hV2Dh7lCGD/GsQNEo=" Size="993"/><Block Hash="gAAbg3l69OIuxtMdO4ZYm+Egn0k7UldTulF5dgpi3w0=" Size="975"/><Block Hash="5cqOEuN0Ww0YpUZiQMseKsm+pEIdOcxZGOW//6o4c9w=" Size="1473"/><Block Hash="xPblNlveuHDrFd1xCdCXiFFcSTxc/GXG8YRfkyspoBA=" Size="2213"/><Block Hash="lPE6WBOFW2y6KUxG2OBNCSe+Rpl1BE/tunsrSqizZQk=" Size="949"/><Block Hash="bJhzj4q2JSyXYD6OLgPxNunWkc2Wry68iqB7U50Z61g=" Size="1022"/><Block Hash="jWu0vfwXvSeeexf+ZYSfNFx4spQv1+jlYnRxqWs/Ka0=" Size="709"/><Block Hash="Q357sC3TrJIRCNdXBlumxm0TSGNh1IN+Adthvy4jHyU=" Size="1181"/><Block Hash="d3VM47LcRWn+COE5P95EhTYgFaRNjHC18VW9/W9bjAU=" Size="1713"/><Block Hash="U6JbcckGZs1OrcPDZjsYy4aQlzEDneoO8CMMMNSCeAQ=" Size="1953"/><Block Hash="tQtaCY2AlyN8VBumcwTDHMYX3L9Hld3vEqn/s0X6LV8=" Size="1074"/><Block Hash="4LRlDeg3GZ1Mdgt6f22AFqLhMMUYwmbD5KF4L4eptFo=" Size="1918"/><Block Hash="YmDGla4/QV+6AzN2KpOxYzlLoySpLTdpGK37CWJi7uc=" Size="863"/><Block Hash="WY+WTtR8gBiFKC9ugQZYjroByRfEcG3j6r2JNNW9bzE=" Size="1096"/><Block Hash="CVpC7RgXvSvGv/l/EsksYylhHZwU3kqzJYJUscBCok8=" Size="717"/><Block Hash="rDXEzBBtpwoU2KO8DSXFJgEYnLOH6Oefv3fF3aKb9NI=" Size="1503"/><Block Hash="1SiMj4eooQ41lhWs+vFCOhM+BRXKB4AYOX9bw2FKAIo=" Size="1526"/><Block Hash="UXH/41LScqpsqHZOZk71LQm2XLlzgPEzQaS+dcjotXE=" Size="1988"/><Block Hash="dw/wMJMq+sfCM3fG7g4bfg15/lhW1ujvDjPv8PK0GZU=" Size="664"/><Block Hash="FCtJjnyaYGiwkBqR8fNDUySHToKzzaX+OEWwrtXqygY=" Size="1549"/><Block Hash="/jbMqe6mqNjYKcp/2uOmfPsUuLgDjaJaoR/MZ8ZCPik=" Size="1442"/><Block Hash="dYEqDWN1dHuTo613+X6/xpUMX+kXgDMMX32Kr1RT5A4=" Size="2065"/><Block Hash="7GqA9Vv117rrkEosL56OFouQexwztLKISalAJzUOod8=" Size="897"/><Block Hash="lvHWveo2eyZW+qk74kxzayhGBGwqnTkToltrqzADjXc=" Size="1958"/><Block Hash="FDnq/aPQ4OjzMFc/7NRbwSNiy1D0L+4Jd/CeLbhe/FM=" Size="876"/><Block Hash="aKvFbGLOKpWpZUtMfp3n21rVaop6LvhjK8NRa2FAAoE=" Size="1260"/><Block Hash="ufiYnaS9SMpd33Es18ZHVsPwH7w70DwWNPOsPEemAXo=" Size="679"/><Block Hash="VNxPh/2jZrga0PV/uOpEiilw5WFbqzIYo9xMncxWCkE=" Size="3023"/><Block Hash="Ux2FrmN/YAvwMbo5SrC2su2EQ0kaeF8Ln9b1YgqMQ6o=" Size="1159"/><Block Hash="c+mq1d+3Xf5xs1vngkzM6Q3T6wKHmLX5xU2yO+Zs/GM=" Size="1656"/><Block Hash="6lx6L3mm4AMijG+lX9+UyApgebpzRXhxy6hePuJ5H2A=" Size="427"/><Block Hash="0P8yowpgiSD0qOEsx4tWow8TyD5h6g6xz+NrWaetc9M=" Size="1300"/><Block Hash="p5j7gaQmsNW43NzlDn7VA88GiqBPyBV7m3wusn4n0Sg=" Size="1108"/><Block Hash="Rx3Dcu5qNRNevkLqujZH1UvHn+TLEQZolepud3KcMME=" Size="1647"/><Block Hash="i+OEsxvVAVPlhBZKyJdlhNKl5dAfrdUPzce0frupkVs=" Size="433"/><Block Hash="szcHJmYuMsL9ca17bWKIUC4HsYVTfLBa1GiR/a1jRBw=" Size="1766"/><Block Hash="yo2WoiBzvJw3deC4Ca6NEQ1A0veUFPX9exZkgQEu5ws=" Size="1149"/><Block Hash="AKgM0HvUeA1fAwFfH6GIcMIdY87+aw2jbJ9KZooaJ2M=" Size="1361"/><Block Hash="4fLBTFU+1t7Vhd5m2D3JnjlH2NYymTBKpaBgKeQUweQ=" Size="489"/><Block Hash="SX1UyHAJJ70FOCvr640l7RQ9TB7YWwFxLZduU9wQ6QY=" Size="2434"/><Block Hash="5yu8SXO98Opuha8HLNEkkr+vAEPDablZ10R9lRbDmVw=" Size="1398"/><Block Hash="+KY1gO48PipiMgxCwh+dDSgAN2qnQH8uUylUk3kHSm8=" Size="1760"/><Block Hash="Xw9b8vhrRLZBQL2DzVYVyAREd/6MIVCEYvRzN5LK30s=" Size="517"/><Block Hash="EaYU4phRF7PD1wZfxLQHsv933+jNXGFB8JrrVNVqE+c=" Size="1927"/><Block Hash="JDx9onxUwuofqlEDZSNwbZL3pZpDMXsUlTj5QvxcKYQ=" Size="1173"/><Block Hash="2hoMbiOE9KGcwEFJMQ0m47SwVlNl75lUwYMkzT2D0Q8=" Size="1284"/><Block Hash="uQW+2HH1L1jg30K3jokDkzaFJiX0O6m2SozeR2Q+iXw=" Size="462"/><Block Hash="3ttsu0WsGr3Z+flYkCWvc02S09UyvzrtnML0DWHtA0o=" Size="1148"/><Block Hash="bOoJWu/zgWEM7wsVRc7b8+byee+u8MQ7MbUgwzr1mN0=" Size="810"/><Block Hash="xRxMjI1OdAjt9YhY0OnfKlO7BgTVV1bFHEMgvJbmJwk=" Size="1308"/><Block Hash="hbmUHauwlo8C5ob6IC7UMbyER2hRairxnMS5Yuuk6Rg=" Size="390"/><Block Hash="QcVZA0iNwf8WpOU8lLaUHFzfkYKyAN2v4iYFNxeYt6k=" Size="2602"/><Block Hash="wH+kjvWanqOAGfCeGMMEKSSY38tiHRXba27dcsKyJUY=" Size="1413"/><Block Hash="M4SPT6+ur9SAcmAbODxqxpGZG+6RXNwOZHSgRa3cYHM=" Size="1344"/><Block Hash="2qiAIxYjjweoFwgYrqhfAt+jihZ25hqn+v7bqZfnC8Q=" Size="429"/><Block Hash="iDHWVQsvmOoNIcPE7rwgPgqMuirBmXDQvjZYrVPjRL0=" Size="1951"/><Block Hash="hLqWHLM/V/ZKPyyzps/5o6rauuHpC5E9dWWG2+Kbfjk=" Size="1297"/><Block Hash="rIG4brhwWZ8V4IQtIZSgPvm63XgHrQ4y4zsEnD9AKIM=" Size="1269"/><Block Hash="SBxn6r1QlnnlpJOgv9FJ5+aj8AMoApXO8Uw207BTklc=" Size="526"/><Block Hash="ZH7YZE/Ub9L7UzZ2kfEtu4iLaIThlSnIpLfStLRt+WU=" Size="1169"/><Block Hash="p2vDwJgueACnraNivxPJwOoX1+nTvbd4BbKI50kIUeI=" Size="934"/><Block Hash="A+F/oYP5rcimgUW2sZcPNGXN2xZVvg+3VeZlTgRgZm4=" Size="2556"/><Block Hash="qHGNZnKBCL0qTSX0/I33m9+bU35keEKu55E4jnA4zCI=" Size="1008"/><Block Hash="bwgvWuBwt5+QVsvGaiHLbMxGH6EENxorkMzekmYurY4=" Size="1439"/><Block Hash="m/HflKyHHREhQHbYjwDwoYszP32iJ3a5gR2QBNKFYM0=" Size="1081"/><Block Hash="nuKZZ3uv0hk5oC5mQVRPw2QWZ+i7SJmgxJvRr6Y/iqo=" Size="2502"/><Block Hash="Q4uH8vX77khODghUOxSobRhOX3w/6jhYF+wtV4hH6As=" Size="1186"/><Block Hash="gVgtlFTPk6EvAJiGHMc1fhVmFcqI8/fktUnHEbjO+bI=" Size="1379"/><Block Hash="4su7R0UuPuzGAPOsMGkOEBHqQq5N0p8ZDMQz4S96gR8=" Size="1049"/><Block Hash="EO/F1LXnn0868b02lRmEjXTP6284EX/0v2NYqjCUuA4=" Size="2376"/><Block Hash="i8h4vXhULImv+dweVJiDtSWabFyIt4zYSAev78+xEVk=" Size="1235"/><Block Hash="wdKPkl+9EUnpktXjLmAUjVs8vQ6iWQQ82esUaa3kJss=" Size="1013"/><Block Hash="R48bIkRW0hZap+B8mCMUvL7jft4DLeJ/+eMLqkwwYCQ=" Size="904"/><Block Hash="wfkO7GpLZ0duWZH+io+drzwMnKZ8op77/wj7FwDzAH4=" Size="2446"/><Block Hash="ESp0ZyHmY2dvp4WNroiyootH3mK+HaqlVtckhrHNVbA=" Size="1207"/><Block Hash="ArwbviR2IBYYSoihQ7I53EFHKaWgTbsLUR7KA6s2AdI=" Size="982"/><Block Hash="eh3iz/eOuzJoCJjOawQc7eLj/PEq88RE1wjzoktQ6+M=" Size="950"/><Block Hash="PXUdZryPgAYtFYJzCIEVeoToU2ym44IN3SL7bEoZ6SY=" Size="1925"/><Block Hash="Pchzl+1lV5vDHiHsSMVVJw0r/9HZwHKPbSmxxHQl9Wg=" Size="1257"/><Block Hash="ze3Erb3+6FbJ+L1xucOt7P4WJUIBikfVPyDhYaGEud8=" Size="2145"/><Block Hash="oqiOfY1bGBsz17G28cM7kkiGxlkwjIj4J9068hwFDuY=" Size="2290"/><Block Hash="ulpRjxPiY7cc3+nsuGXxvZhg95tLKJcO+869U7lIQ/0=" Size="1173"/><Block Hash="FQHg0+vtewGdu0jlJm+0t5x5ro/VlQbhMNYg9DNpFZ0=" Size="835"/><Block Hash="hIuRKqgYb61WynKVTrILq3ehYdXeRFGfTKWRVMD3euU=" Size="1475"/><Block Hash="l8LERNvNDNE2AnfZjnSmbEOC1eJHUe2yrsQSgLvTmQ8=" Size="1643"/><Block Hash="wbWqFcjViuWFOjQtBMhgAV0RK52WHiqyWHENARF9nPI=" Size="1305"/><Block Hash="HbhiVGKdYNGWxzNPV5WpeS7hhXPRV5SguiumTDplDgw=" Size="1063"/><Block Hash="IqpPSjq1J2LQ9ze1ElJSrtF8hSAvU61DHJvccem7+Ok=" Size="592"/><Block Hash="GDlmJUD+U2xZq2ifiw5VKGaB4p5pwwKo33X7dUdcnpc=" Size="1271"/><Block Hash="Gs+GCBDNPm0vbQWSOk+1GXw/NRrxZhhgEe5I1v8uLgI=" Size="1567"/><Block Hash="FmvTdX2W4vpfjBouRfP25dRYuuXQRrsW6RWw0mWCa1k=" Size="1695"/><Block Hash="44vVaLRygFPOfm9AAHqocvZAlo9gc1FctPi4D4dbEKs=" Size="1418"/><Block Hash="5yHsyC1iHX1VkiHp5W/+aa47Y7c5p69JT8Qgrf1Xz7E=" Size="2152"/><Block Hash="r96afOkm8YL8B7QtN2rxczjFzrKr7v+RcoZIJ/uGEC0=" Size="992"/><Block Hash="bDkud1o2N1LllsJtmZVUMWNrfyrb0fBsKQzwaYTQfMY=" Size="974"/><Block Hash="+uYe/HLg3Ve+CDldii1xWaRjIRiPvZ4Kx/3NcgetsAc=" Size="1051"/><Block Hash="eO8sk6UYG+68e2GrjUHUyzNec2hDh6Z8fVP7SYtuqf4=" Size="1476"/><Block Hash="HeCPmLO7C9X6FfOijsmrpYH2LY05diuaJUZjvcvXaL8=" Size="1012"/><Block Hash="QtbtUO2TY7QW4uuEf/fsfuNp8PY/pcVp9skeflmhnq0=" Size="1029"/><Block Hash="BHdz9l/P6z5FoQdzQFpiEG01FudhCqIKnx+Oh3ScvK8=" Size="1007"/><Block Hash="hCnUhQz+b/2lDcOFJ85kVkD4Kp1dL5Axia69iHPK1PA=" Size="1478"/><Block Hash="/7Utu5pWxah49symPk+73TE6/R41qx5lQ52iPwnaW6c=" Size="1028"/><Block Hash="dLUOXE4fuJU9jLsJ3qlYvvk4qvCob1vsFVOQ+3r62oI=" Size="2134"/><Block Hash="Y/fv10a0HCOzVj5ucApeqXCHLjefW6+VQlCmboZZFS4=" Size="6758"/><Block Hash="coXjTFj70misd7yawK/N/OkNODBXZLlW17o0965HgVs=" Size="11190"/><Block Hash="kPwvkir0eipvs49PDbUZ3WpkM47bkbG1veQ440GqYIs=" Size="9886"/><Block Hash="POd/Dh9D4ns56DnVG53LWN9dMWeuuVyqxGLlypAMoM4=" Size="12122"/><Block Hash="LAN9czB8GTg3lA7KjrVd+rwlpqdySS2oTGQt8Asbpt4=" Size="10834"/><Block Hash="VEMSWx+R5smXQZlF0wquK6A7eXyi09Vvtdjd388s/0M=" Size="11914"/><Block Hash="XIFXI7XvxJ2j5xM6ekpkKt3dXGqrmBeI4Gv2xFfpKrM=" Size="12968"/><Block Hash="BG7SfPUHAQP9JU1YtgESkgyCdtLuWfLDZW7mafjplqM=" Size="14025"/><Block Hash="JwvECtFYE/Y0j7LU7T9Hf2sg7NIPs33KOM9wkBmJp+c=" Size="12202"/><Block Hash="SmAzMrxHwIINuYGCFzNCrenRTql0t3bGSSeqJHppJEQ=" Size="10411"/><Block Hash="BkFCsqwE/Vm1wZxnFZRrh0Rnhe89EAClv69EFELNBH8=" Size="14015"/><Block Hash="jFXimQ5OfIWadjDhTyRamEQOCNUOMY/N57rIA5TZ11c=" Size="15657"/><Block Hash="6xcMY+IvmY+BGmefJOuadS9VA1elSw/9JO9BFraJFJU=" Size="13102"/><Block Hash="YZTAmuni9xUygKy8ODQNT8LA2CETn037KDIg0DQiSTM=" Size="12034"/><Block Hash="nObBv8m19pIf0aBhtIieYC2VHCN47jbpooJMiAb4VVI=" Size="13995"/><Block Hash="tRie6VFvxv9QGnmdWQ5F9+sCoPCikec4z6ZRzRR10vo=" Size="16746"/><Block Hash="njbxriIGZeKkoP9dKNCNNL9aCxjB1RA5x70q0sjSrcg=" Size="14011"/><b4:FileHash Hash="crXqezAqeB71f75ZJcjD9/EHw1D7uChBsvSnMDayHvI="/></File><File Name="NvGpuUtilization.exe" Size="3660328" LfhSize="50"><Block Hash="PsZO8ca3WC7BPxGbmd5qDd/LCrehP64nRz3PWXsDCTU=" Size="29139"/><Block Hash="T079+HJSTAC/WolKf7mepkr/kDZ0gNco6OkEPljSFlE=" Size="25740"/><Block Hash="+FcSVIzX0ddfk4R1jat9hNuWnqcSRvGmPy8Pzj9G0t0=" Size="32642"/><Block Hash="F3EHFYuhZ83KGylPFwivjwiy6Nf2zFhwJk9o7SGyGEo=" Size="32280"/><Block Hash="BXP9dI3DcIFbY6svytHhXT5QPdS6OlYn48kiwjo0vTM=" Size="34176"/><Block Hash="c0801RPwG/rLH7Gux6rvG9/xfd6QzOujmN5noVIVMJA=" Size="33067"/><Block Hash="hcJWlhP2ous0EOp+wUhDtbP/5nyNbAlqr7l51blkqac=" Size="35543"/><Block Hash="ggX6/E54CUIAazULIUNx+4cDlMhIx/5mZ5qklamFXL4=" Size="35646"/><Block Hash="s0ao3c/jYcv5E+modO4nnv6I/YI4aGtmxz/puGAI7/w=" Size="35053"/><Block Hash="KxvDYJu10sFPBYPZJxKwaNyW1CDIV+znXmw5esTPeps=" Size="34623"/><Block Hash="/8fMDKTPrJHuX8bwsGtTxMNNvO9JP1OE13ERqS16reU=" Size="35401"/><Block Hash="SAY90Fqce6a9/iX/BRHSoAg8mDhqABSPDeK88g5ZUns=" Size="35401"/><Block Hash="7XnZ8GyewYkeUwiVrgW//sHCBXNBzqCDs9MKF8aF00k=" Size="33400"/><Block Hash="N3cCdL2mzGUxNCG/5SEcw2NM0vF0XX+4GZ1lbhtcLi8=" Size="32218"/><Block Hash="aQVq0CmusLAmYNlCXxKgC5nN0F7YxmeQOtf1pCRECy4=" Size="33919"/><Block Hash="JmDYPTRv1DDWDNwe5uVjXqzkjVyYg6ha6YEInN/K/I0=" Size="32602"/><Block Hash="7Z/84aIcmgQG9w5+8jRPeDhB6Agfixtl5Loh0sH+deY=" Size="33143"/><Block Hash="0juDZ7rVd/o9TPjXdOlJ92s+AXaD12EdYzm2W/gHJ2g=" Size="31634"/><Block Hash="laD+QEBkwNaBPACTYmLQqaU5eNd0gkPAW+5mPIPnOoM=" Size="34982"/><Block Hash="v6lRoUvmeMprC4bEQRO6zw9t1b71BPH3HbI+3Rpg4NE=" Size="34606"/><Block Hash="F6TdoEaZJRHTvQ8Q2OphLmEo+ERWGXBLD6H3/toha84=" Size="34587"/><Block Hash="4GOxJohyyVAnsjTkfLUudFzZS8iag/YZSGlyFVwqlXw=" Size="34422"/><Block Hash="JkulUqQBN85sWnzA2aFSeid0aPXuacziszeeUySkkDo=" Size="34389"/><Block Hash="Oc6gWCpA+41O7ldB5glMxFJUTkGM1OzlNZ8tgz/h7y8=" Size="35844"/><Block Hash="pcLi0JLANEZI6ayjegK7D+beQPdPh1jZvsxqevN7oMM=" Size="34369"/><Block Hash="yzXkquZB+LWzIRNCHlAsr95ykOIkNFSwKgzry9iqTLk=" Size="34356"/><Block Hash="ioHfbpV3k7w4SVA9sx3a/URv0hFwcynf+15WOihuVvc=" Size="32318"/><Block Hash="h2705GyPeP4Vl+DNHGUnmvhllehjFddiioyfKtLu8mE=" Size="35079"/><Block Hash="/Wzc8oBBlgim5jfxFfCbihM5iysMzYLYlsp8DnHayQk=" Size="36755"/><Block Hash="KDVyk1b0cp0dQLQO8km16B8FsYuGjjjRsBDoqqRSFAw=" Size="36620"/><Block Hash="oOps/YG6mJiMhD7CP7gQdA6MMeehhvbQoYJPmLRz2N0=" Size="37977"/><Block Hash="pmKLIYFPCv8gjMlAEkx8Fnqu1bPZfHtrjPx/LYWT198=" Size="22275"/><Block Hash="4BEO12xzJRIDcRVzTv1q9yV/32H6iNuxj9+aTObYeVo=" Size="21208"/><Block Hash="Y3MTXanOuf13LZMCoiTdgCM/4MeH7QNm2SWbrQH3rBc=" Size="12289"/><Block Hash="Be+u+7htwDb0fblmYTXkM0qaoJCjhRiMCE8oA7z74ME=" Size="12514"/><Block Hash="hS4yVTL6yKJeo5DMWCYunxXhFs51rWTqzFa2LkJ5v2c=" Size="11452"/><Block Hash="e1c/BIhSfZDWmcK/GjofQT/+t/7cc56azoApDoDwd6A=" Size="12231"/><Block Hash="MKGAYf2yrFXH3cMiKCvu5tyxY7sVyAo+4SMDyFenxGI=" Size="11599"/><Block Hash="vzvsIQAoVS5ICrJDeKxv7xrParjl2HrGWA4Ow4PLX74=" Size="30863"/><Block Hash="7zaaJsQzlANVwyWmrhuz54ArB2tqqfH0WohOlozTmLQ=" Size="16466"/><Block Hash="n9B/Oko3bWlNAazZCG8vA9KfwzX5Meh7W7Oo1+hFJqk=" Size="23819"/><Block Hash="N4wQcJPUTPMptPs4LEA+jS0swaC8URrg3SIXSal5eA0=" Size="28996"/><Block Hash="yNFJqSYWK2ZZW8qFUrHvPbhCHO4f+eOsG1KL5REIekM=" Size="27120"/><Block Hash="Yx2qCLL3NKPcvtRkti+jNb4pfKjldSJI1IzkoflEWo8=" Size="15450"/><Block Hash="VEQrobNzjYN8YDU4RbgHnMesfYS/cr4yez/qbpAHGg4=" Size="33830"/><Block Hash="X2QagaiMnr/gvJdi0RG99yOGGN0/Ojt5DrjE+vituUQ=" Size="27366"/><Block Hash="tV6b9/9mdASHTTZYYCA9ruUqq/Kwgsk0sdZEuiuSsho=" Size="28876"/><Block Hash="ZwKcnjdRzf5CTu8dj+b5UWuBctvGEkYr3FlwDxUTASU=" Size="11906"/><Block Hash="L9oC60ODraLnLwBv88gQznPu3KLeebDaqmgpxCunYpU=" Size="11452"/><Block Hash="zl9Bs3WjNSQQP+cnY1l0IpFvQNgD9L6tI6fon9R3rr4=" Size="9205"/><Block Hash="Hq5e1ar+TOB84DQCuGgEyI+2PSnmqTTjM1gUUSH6J3E=" Size="4699"/><Block Hash="d90ryXEHiE2nrDwBSDTVJqDedMswpF70Cm1cEyHpU+0=" Size="9197"/><Block Hash="OH30BviPowXM3FuiqjJieN0HvAEUwOixSCt4Mslf4fU=" Size="7462"/><Block Hash="vM7i8Qy1XmSY51voxrn7KIMJmhX2B8wiq/nDDEiDgKc=" Size="11328"/><Block Hash="GF5TjatfJ1Ne61h5utA8k9nL6b3v7IXFBvXfTTGX16s=" Size="16094"/><Block Hash="LfEClPn+xyREdbmMdE3/zX9Gwr4cobs4yEkhrHoz7CQ=" Size="12152"/><b4:FileHash Hash="JdxSc5/fHeriw1z5spyTG/mBjGwPVi95+w8kA1NDx+w="/></File><File Name="nvImage.dll" Size="1020728" LfhSize="41"><Block Hash="Fwmec+SsfybshdxgUx2rWWSxzx1w1hxUfOCFjXFDasM=" Size="14794"/><Block Hash="qrO6umOBKQkKjbRqGrAeiPPyQNdCe9ZRSz9Js10wy9U=" Size="1158"/><Block Hash="Y+c7WwNptMXDwa8WYw1neSMQBKdwyA17g5ZHbn5Adm0=" Size="10152"/><Block Hash="OC5p4+deLSqOm8cymVmSR2E/uKkkLvMG9vUWDWS1eYI=" Size="27170"/><Block Hash="yi32dOgHqqRVzqtymvnZ+S2dlr1IkQK1akkKi6mJp9Q=" Size="25389"/><Block Hash="rZyhtE0IQP6khh3h1zuzGjEZr6YLXYyTz6px0QjC+JE=" Size="19993"/><Block Hash="ofJ+UxkRH6myczWBvpiK/idjmIklbX6+xUERtcaV+To=" Size="26683"/><Block Hash="Pg+fUbisuZ4Q+8fPOIsSj1ktC9NarzZ+RLbk4M5jnnw=" Size="22239"/><Block Hash="Tj7xh/O58CLllbwmla8uuQegHP/R1OUZXNxm2wOa3Mg=" Size="14662"/><Block Hash="U3MwZf02laQyeeDX9ZdUPEhbSoOdqbJHvp4tha2kK7U=" Size="26922"/><Block Hash="/lAJFzF4/nnPzTplefyIYa7MGSI5hNOsVFv5kJoe9zQ=" Size="29005"/><Block Hash="kAkcAz8U1t+P7FTInTNgB/FsNVWwFsHmnQqSBGAdr4Y=" Size="27394"/><Block Hash="h/qNiD3O5X/iYvOK0+7qBn0qEXohqisyu2D4BOi00m8=" Size="17917"/><Block Hash="dHwC4Tpy4jtN29tAH793Fb/pImfSgnvE3BYak2ZvZ8A=" Size="30076"/><Block Hash="hC4elBPbUozKb5JppLIMHRatRcAbJpVGUcAZ46w7aFY=" Size="16144"/><Block Hash="CxX8YTkbZUQQPI35FH/UsdXOUsSONufZs4TqGOqQlt8=" Size="23078"/><b4:FileHash Hash="d0zD2xHUWtVGk4P5UcW3gDCaOaB+dxtdthyM+EpjZTY="/></File><File Name="NvStereoUtilityOGL.exe" Size="1104240" LfhSize="52"><Block Hash="SJwvX0bGJv4QNil0tD+KwatmL5Kae2VZnuj2iLP6DPs=" Size="32632"/><Block Hash="d0w+oMX6ff2KONTSRk8BCM2ij27+PnTbcbMJVsdEqqs=" Size="14580"/><Block Hash="WtfzYLZqdw91t0DgDTVuCjkNKTJzrEyZBfL1dqGlxfQ=" Size="30442"/><Block Hash="rwtKBnzYS+tbtcXQScn8Og56DiTqTymcDf52oEnKegw=" Size="33035"/><Block Hash="EZZd3v7XN4fXh0bYm3xXS1ET8kYjnLgFOCnj5GYh3N0=" Size="12364"/><Block Hash="0LBPlcT4rswusSwudotViFaSb92QtwdbTEkrOgNFjI4=" Size="23065"/><Block Hash="/86g29/wzJZXorRy+/dQJHX0JHH7CLGINroBNe2EMxU=" Size="20822"/><Block Hash="DgGkVpi1KcwqRHP0k03JZYSBcv8CO6aFOmShIBTmN5I=" Size="21310"/><Block Hash="8cDpvFLY+CCYl9BTHMMbpY10A17hJJDiw+EyXJYqAkI=" Size="26589"/><Block Hash="8FeXNqzHh4tTfTrZ859SRoxfnf+kLFQVPdLi/N39rKU=" Size="27263"/><Block Hash="4HUZzPxhsihRtxShw3SPmtYC0Kujzz3oZ1D8AUjbvWA=" Size="26613"/><Block Hash="URz8FrRaa79rXZ9TzF9DPN2zkJ6oLhbS4TxgkvOFN8U=" Size="29001"/><Block Hash="Dn8ubYYxcIq50M8nRrufoTC+5+igData4eFyU6noI2o=" Size="25770"/><Block Hash="4kPI0wQMH6A4ZxFIbMSg3X/LfymeKq7ZIKmwZ23eB0w=" Size="27763"/><Block Hash="GgHepl/B/1o5BF7HRZOHnpLMDC+C+jZvVwaAx0zLTn8=" Size="48516"/><Block Hash="YO6Csf/pOyQfs9R9T4NRQmo5m3CsB/KhD2fiO1Fb180=" Size="39634"/><Block Hash="Wbt0311MiwOLIVGC2OTDhBj8SjpjX5DlQYofPSACjOw=" Size="20118"/><b4:FileHash Hash="wscTGKF/f3Z+XSA9IrSPJ+7K5GpPNwgte0E8Udphg7M="/></File><File Name="NvStTest.exe" Size="2751288" LfhSize="42"><Block Hash="AhdwguqdwkIH7Ay80emkMIkB9ucgDinJK1P2W48VETI=" Size="33830"/><Block Hash="xXnkSHUY7d0Fghz9tBwHo2r8MvjppxHS2eNd/c4kiQw=" Size="27300"/><Block Hash="Kx/6PHOupIPlTlipQk8QAMQNk+mQ1G0kFz9db1ENr5w=" Size="30801"/><Block Hash="9HwmSvDv87gOdDhBVFo0r1oCte+mRHFToTtg1JNqPB8=" Size="33681"/><Block Hash="Z2mkB7ALbfyI7aoWTsNP/E5Qx/cMfx8/OXvM7XRyP+g=" Size="12357"/><Block Hash="1rjfwqX3MzjWanidChV3RMy1Y0aI/H4UcrXzC7/yUsE=" Size="6853"/><Block Hash="Qh1y16h1cXmDBn/NTBIJIHM9KikTW0/LslfEZAEIRRQ=" Size="6675"/><Block Hash="yPh3ZIg+sCxU5E0LDzoq2JOeF639AqsubEecQz0m92Q=" Size="6894"/><Block Hash="pE0IW8UiEkr7XeBdzjzI02SpiktXoIynBld6WhqB7mk=" Size="7056"/><Block Hash="sv/RHSwIyt780A1cZfXPnla9na2yLVKXh3tAIZobD9A=" Size="7044"/><Block Hash="TWXsd1Xg4SE51D8f33b96ZUuHIFyontwPaW6+rzBBgk=" Size="7092"/><Block Hash="g8G5WsuulcJydyysbXbwJuzLPOS+ztlySukLnqoy1QA=" Size="6907"/><Block Hash="GKFBuu1qPEBqok0aswHVDvHMs48kFMrduNGx1kJHIAM=" Size="17688"/><Block Hash="jnWfFYion7qQB/+4z679GjcHAjJtOQn5E/xBbnvdkcw=" Size="36907"/><Block Hash="ooSDlSioFSsZ/wFo4uVV+W57pGby1vHFWXcsf1CHDbA=" Size="34161"/><Block Hash="qlt2b+AWwXK6IOy5OiJz5IejJWGCfU8IK/FkdARtLaE=" Size="37090"/><Block Hash="fGYTw72ZMr5t92LX2u7+5YKtgXSVjju0J3MKIWscE+A=" Size="37246"/><Block Hash="kNAC+Oau0cGWefz6hXa01B9vyUWPsxjj2ryyU4Fj+ho=" Size="35795"/><Block Hash="cXSr6weko/3VTMqjyhBZOrYDQgQ7qpr+OSPv3kjMqvY=" Size="33258"/><Block Hash="KV1JBvfiKL+0ymbvXG688k1B17GbS3/1GZtpZwxYfFE=" Size="39581"/><Block Hash="4Pipp4rm5RqXyu4sZ1j81xpBsFuTTWxOGAPuPt9xCjg=" Size="35209"/><Block Hash="oekU9nTrpOSmOXicYgyl4LDcUlM5zecM5ZBmKLhNX3g=" Size="35322"/><Block Hash="3Lt8kskebQkevcJ37gfhUzVYhpRqY3fh1FhpkYeLJxQ=" Size="25332"/><Block Hash="myGAh8YxrKimA8Xx+BoTJz0yWeqtkfhrtu+jjs3jT/k=" Size="21580"/><Block Hash="UxXEQcLDTx5q5ubY/OcWDbDEqoJrfyuql7vMfehOMdo=" Size="16041"/><Block Hash="CyMAEJD6HGOYvbBndA5/Iqkq60NGjui1FhyvbLi1NWM=" Size="16558"/><Block Hash="a0kLvjROsqx9pRD5562y1PJs0TmshABhuj+ccQcueAw=" Size="22071"/><Block Hash="nOfKy09aCLeSOZ+aqhpXo8L7of+X5JTycYFbIT0+PB8=" Size="18532"/><Block Hash="6CtSr6DQ5X5j0thMG8VPWDEefohR+Hg4xMMjL0JBfco=" Size="18456"/><Block Hash="ZoHGp/V9TsD/MH4/m+p0+CS4/HoJcqlNH4RiOFcFgh4=" Size="17847"/><Block Hash="TV6q7CRB1gk3YD7XMLPi9/BdkDt86Wh2/7rFUsbHPds=" Size="17076"/><Block Hash="wz8VR4BoWm5WxwRSBftJk114bFvHIYThIuYEeG3it3o=" Size="19250"/><Block Hash="M6s6IBjqcRjRC191HbGoFW8pvjADLtaR5IZjTHAuFtE=" Size="17861"/><Block Hash="xKNyjJC9CCVcpuSqgdQ9xIGW9lLyaQW6MNDULVBl568=" Size="14746"/><Block Hash="HiJvY4YovFnN1sBKBy/gDLh4wgRRLy4wGbD/JZ4Ow8E=" Size="33465"/><Block Hash="/NOjJarK1X6yHPPkhlysxZjlYHKRNl7PhUbGJA91ivI=" Size="12577"/><Block Hash="vojLy0dQkU/6jy2C8KAhNWqM3f83dCgp8bWTI1wH/2Y=" Size="22436"/><Block Hash="LWnTs3rSIK+4ratoG49ht7HiaIgxaxOz1G4z4wLD2sw=" Size="19840"/><Block Hash="ZCuk/oaoP+ZyS0QfXbZNoNLE+tGyV2aGK73D7LzxCqU=" Size="30341"/><Block Hash="Hv2tFG7jzDGaZUYXjiOArPLkTA0IoYd2wfocnK4I/Eo=" Size="12365"/><Block Hash="UbNUy5k40Q5eRoqrdG3Ma5REJWF5+5ncHFUv/XTHX6g=" Size="24204"/><Block Hash="g9lHVBB9wDtmhI0svTQtExysbOZhgVDytHujFYEGnLw=" Size="37706"/><b4:FileHash Hash="15nDLd6j4PqCGVY9C2Ys/nWSMc+5CyPmC/daU/E5HNE="/></File><File Name="NvStView.exe" Size="4401464" LfhSize="42"><Block Hash="OIHEPss+LDBRpxa3S6HjkCJkqUD3An8HcLugapWfa2U=" Size="32819"/><Block Hash="ze00sMUDrhGbV6xptUfeaP7rLSl8BjcABjjesQIFeIM=" Size="34640"/><Block Hash="C2IRcXTAan6tMtTOZIyrHtLc+yKACbGXeOVQwEP+yr4=" Size="35450"/><Block Hash="dC4vzi+1Tf7KAX3ELuU60+QbsvNY2OLRwyXWVbgWKrc=" Size="32651"/><Block Hash="HElhgIMoIuFiw6VG6sbe+XFdBvd3/s6qEVbbBvtFdL0=" Size="34279"/><Block Hash="8C3RXDnCeE3ifvYI3zFSTczsTO4uVIkHxxeUSkT8x80=" Size="34947"/><Block Hash="qfhly4tU/H5QUFwL9rjsLpLYqnkqpFpD2lkDkF72c4w=" Size="36495"/><Block Hash="wMnYHcyFMrv2vGxB6Zj8D8zSmecx2j1BMgE5Yd+qHv4=" Size="32938"/><Block Hash="RTvxZSdQrMrtHbbSqWL2jauXHcjbx8ki8hhUbMMzsnQ=" Size="38026"/><Block Hash="PjChSNh978Uy2MR5Gw7fv3/tU96UK3rEbC7ZW94agOc=" Size="37000"/><Block Hash="kExzgwdLAtRtpRleWxF+31JQ3FnfHIyqMNTUfZj6aZs=" Size="37132"/><Block Hash="CCrRU/9h0NXlxlbAPWf1di+dX8IuNRGptY7F+E7cTqI=" Size="37587"/><Block Hash="1yLshJXQ5W/RaR5fhqGKZqWPIFacZWMYdAyl4nMF9CY=" Size="35621"/><Block Hash="XTflvM5Vyj9FZxk747F5X/9I53vo33u4dxHkACdtsgY=" Size="35800"/><Block Hash="VsHxWb+/jq+cbbfLS+D9qvw5hxsLGQC8Nk1uP2D8Di0=" Size="32516"/><Block Hash="7Qj/efSzHv4mCrvv1BUUludQavYUuFxF0+0DYVuM6OM=" Size="34413"/><Block Hash="B0y2ZOsXPYrenQ1EjDXCU+ALDziAHPZvQ9JsT0LJca4=" Size="35757"/><Block Hash="HARBmtbkc35qE2EeEdfhaEBvSwr8l43ZH2AhAd5OEPA=" Size="34057"/><Block Hash="VodLaQrXoRKKPJv4QXsraw21Wz0jBJOs8848glLVeOs=" Size="37709"/><Block Hash="3gljWgAsBubdRRfjnzmhO2jhhr3xgYhTa30nPMfvfrU=" Size="37629"/><Block Hash="pfQJkIvjqFjUdzqXNHUxq/jtumsdpuGGFwlZ4Bt7ilY=" Size="36668"/><Block Hash="ubIJTNXdCwmSrFkdYc3QwPweutZuo5j/Smm6uAtHKLo=" Size="36847"/><Block Hash="++f5ZhmmOZTJlPKFi6FgkUG4MIQ8bpJrGMHPqFZW5kc=" Size="36998"/><Block Hash="S08HGGLfZ1e7fkxZMq62fBUGdD4D179VhNhHOKVwCVI=" Size="37060"/><Block Hash="B75YD0KeUzS5wAESRD3ayWLWF6M1kAf1m+MuRL04eN0=" Size="36211"/><Block Hash="FGGh03bMd5xFc4/4ibhy5ediAnRW6nHaRDWzOIvOXRs=" Size="35832"/><Block Hash="SMfsfdpS60MlQl5tzX//VWXmypLX684Le8kIlEF6RA4=" Size="35954"/><Block Hash="WvdLVmoch3N5uYgYKi7+XzdAJztfQZt0gt9ugksOTsE=" Size="36343"/><Block Hash="r1e2tgObRP5QWlcEwSFn8cGlnokA+oI8vEBHmUnigjU=" Size="32674"/><Block Hash="flkKMxondWvBfvfWmrKbwb/6CsjYF3svPYATYcP6ZWo=" Size="34941"/><Block Hash="5FaFeb5rNF380tJFblVpSdm8RG5WuLxe/s2ik8h8uF4=" Size="36183"/><Block Hash="+ugB4A+UrdGUULEJrEyS1gyGximZNWZP464OKhRpKIk=" Size="11297"/><Block Hash="AL/Gyh32wsSNvtR1MKCjkch93Aiups8KkgZANWhqK+c=" Size="8258"/><Block Hash="4SUI672nU4a7gbqZe4ipdD5KENyI6tJ+3jR9dOcjnwU=" Size="8027"/><Block Hash="ZCzoskTb2QRjvEFpcsOm3ncvUQCEb/rzlbHXt38kRaY=" Size="7996"/><Block Hash="7Svx7P4rWt/H2cZilipf/lFEBJS5g3PiwFTlcX4c67s=" Size="8730"/><Block Hash="DxfgKhGDSJOhKJosZEulANdE+uzeFOMvEjuBjNerL/Q=" Size="23522"/><Block Hash="Jly4LixSQ+h/HzwJMnCdHG1X3mAZYsNU85DZV3RwAPo=" Size="31058"/><Block Hash="wtHP9gR+h/dqKDamhh246M7NwQkiBrtnawpeZRfHTr8=" Size="14465"/><Block Hash="w8tDT8GZJ+MQ1jhlvtobPDaz9maj0uWCII0yjb3KxpU=" Size="28168"/><Block Hash="UEu0yENj/XvVoGcpZMbWM6GxQWg0vl9BLKm1hr0QbUs=" Size="32810"/><Block Hash="Tzn9S5Kb/7ttcRZnI6DDOtK8QNp3+dBcnXY5laXFvC0=" Size="35176"/><Block Hash="yBeMZxseT8fZ5f8Qv4emf+mM0O79adr6b2NWpI8ZaEg=" Size="29102"/><Block Hash="A418KT6UG01LDyoye5dYOsODZLVQWtUC63Jg8wy99l8=" Size="27036"/><Block Hash="DlZM1qdtgrUmYQXqmOemW+OOHHpivJicgWLPOb6iLPg=" Size="27596"/><Block Hash="aaRDK/IXmRXFyUX0dcPu9BG+hL6edHmD3myW7VUfrSk=" Size="20263"/><Block Hash="jDriKNmsqRdfNoAT5YtOb12RrUZumbZ9q8YKbVMo1ZI=" Size="16987"/><Block Hash="VFrC8Q68Crkg69l5+4lrPkgcRWnFLUg1CzEaQ+5Fat8=" Size="15503"/><Block Hash="UL4VxNiq4K6sPzvgOzW923c4E6Qd4wYSMs4wHny9y8Q=" Size="38264"/><Block Hash="yxVMM2xnOBTlVFqkHBPtBSMxjjhhlyy/RwUou0gjlCs=" Size="19895"/><Block Hash="KIeMhkJJZGdlpiJgv0RW0VdVOIRnAWgJt8071Dl9Hsg=" Size="17176"/><Block Hash="5z8uTq8tVL3eok53ioRQOdeeKnWqozoUHIMas4CTUdg=" Size="14440"/><Block Hash="Vse28zTp+pPmUHIMHPmFFE024Cv3WKv6jBDTs2ljnHU=" Size="19734"/><Block Hash="c9umUS9wmYZtr14M8GZ+2F0+fC0XtWykkIvxagYmlJ8=" Size="43495"/><Block Hash="0rbhQmrA+GfC6fj0oaXAM5Fjrr7jG2QHbdE0oxInjVk=" Size="63168"/><Block Hash="O3UTN2BWvdlGsUd/muNPl77EcEuKEDJwYhlrK/iXp0s=" Size="50683"/><Block Hash="WVutJ1gonqu6tiVzeeF15zDgqF8luEj8lNdK2yN8ryg=" Size="63308"/><Block Hash="zZ30pt1WDSika+TG0H1tKwuWK/wknigk1gkYj9maVTo=" Size="17810"/><Block Hash="tYm0B07LofkNUVMJU1h2SmcDCx76vLDtkqDzb07h6DM=" Size="13770"/><Block Hash="d/txCZkVjnoUdTpkNi/I94on2cQ4cX/kNOqpE3ccIoY=" Size="13654"/><Block Hash="e17+DgzOkIFTCR6Wr52kaCcDnlRksPdCXpy6Ikx2u9A=" Size="15587"/><Block Hash="zk/QXqMB3f8mA+lvvxOIEBPxYtRcMKmG5cDAPhlW6VA=" Size="13309"/><Block Hash="JuqnCIujbZjoTmBokW9WioKGAqugC7CX7/hS1i0X5sY=" Size="14815"/><Block Hash="zjZMg2v0oPdX9MjeoumoN4x8F5FsHKlTU6XD7fRc7bE=" Size="33776"/><Block Hash="OHk7aK16n+YzrPisShvQMTaU+IekvSYVIsnFN4HrBe0=" Size="36417"/><Block Hash="LKPGdScDibx9M+1Lm8qnSm2kxC+Lwd/I/oodJdyde6Y=" Size="20298"/><Block Hash="sqZ8oGJwiJVXMnjoRiXhIIrbHRazAoHbTcSuPXQphfE=" Size="20825"/><Block Hash="p0Q9xEfJRq1eKXF6si5VzSaiou+bm/KnvYAEfwtxz/Q=" Size="6867"/><b4:FileHash Hash="K/71f6FS3YBgE8yYby8JuVlLa5gt8hthSvFoyfWpoHo="/></File><File Name="NvStWiz.exe" Size="442680" LfhSize="41"><Block Hash="RWMUwk5+6ozBvqxp7EHHd8BvWbtYWBs84b1GLPGnawI=" Size="21983"/><Block Hash="w5iv61m9/5a+ROJDtpO3h1IrSxB82NICviUuyIo+dbQ=" Size="34229"/><Block Hash="VoEyy3kXFCpHcESnLNpFmzUzqJdOcUDfIlvMfKHrlUw=" Size="37752"/><Block Hash="MAL3Utp3O/+b0LhnpwU8vvq6Pz0rbZRpuPtW+pGhFA4=" Size="20448"/><Block Hash="iqbyGZhbaz7szR+rKp+I9nMrr/QOYWYZquahVneNHmI=" Size="12123"/><Block Hash="EIbI7VEFX/rFaok43Q3AIna1brhJFHwEl0LAGy0xEP0=" Size="59779"/><Block Hash="93SARayFzxFouCQ6N4rOdoLMI/IhfMAxBfcjSsn4hQY=" Size="31556"/><b4:FileHash Hash="wq1b0YnfBLOb4Y3sXNJRz3mwZgEHBq0m2Z335J/Qd2I="/></File><File Name="resources.pri" Size="5000" LfhSize="43"><Block Hash="gNMIxzrajVQ6wMnYCQoXCE5ZgU47oWF4WkAv0jP1LzA=" Size="1163"/></File><File Name="AppxManifest.xml" Size="2999" LfhSize="46"><Block Hash="nUBEoUaQfFyHox4AxzR8tn1MVI2Czz54JFcFsVnGy+4=" Size="965"/></File></BlockMap>